{"cameraMode":{"drawMode":0,"name":"Shaded","section":"Shading Mode"},"sceneLighting":true,"audioPlay":false,"sceneViewState":{"m_AlwaysRefresh":false,"showFog":true,"showSkybox":true,"showFlares":true,"showImageEffects":true,"showParticleSystems":true,"showVisualEffectGraphs":true,"m_FxEnabled":true},"in2DMode":false,"pivot":{"x":5.684682846069336,"y":-0.29614925384521487,"z":18.77665901184082},"rotation":{"x":-0.26763829588890078,"y":-0.10831315070390701,"z":0.030627185478806497,"w":-0.9570751190185547},"size":12.12435531616211,"orthographic":false}